uid,gc,mouse,ngs_id,sampling_time,cells_sampled,median Δaffinity,median Δexpression,normalized dominance score,maximum REI,max Δaffinity,95th percentile Δaffinity,id of max REI node,mutations in max REI node,Δaffinity of max REI node,ΔΔaffinity of max REI node,max REI node is root
D15_M1_GC1,1,1,PR-2-01,d15,67,0.7734,-0.05788,0.4626865671641791,0.0970149253731343,1.57098,1.323038,seq36,A105(H)G S109(L)R,1.24129,0.7949999999999999,False
D15_M1_GC2,2,1,PR-2-01,d15,79,0.39736,-0.03688,0.4358974358974359,0.1004762287381329,1.4453900000000002,1.299505,naive,,0.0,0.0,True
D15_M1_GC3,3,1,PR-2-01,d15,73,0.5351,-0.06153,0.5068493150684932,0.1505511558219178,1.9626,1.2918215000000002,seq41,A105(H)G,0.44629,0.44629,False
D15_M2_GC4,4,2,PR-2-01,d15,44,0.28763,-0.08646,0.3409090909090909,0.1756036931818181,0.88793,0.801909,naive,,0.0,0.0,True
D15_M3_GC5,5,3,PR-2-01,d15,78,0.0,-0.08452,0.2133333333333333,0.1146021133814102,1.59914,1.107394,naive,,0.0,0.0,True
D15_M3_GC6,6,3,PR-2-01,d15,30,0.0,-0.02575,0.2068965517241379,0.1835947672526041,1.17724,1.17724,naive,,0.0,0.0,True
D15_M4_GC7,7,4,PR-2-01,d15,31,0.44629,-0.0709,0.4838709677419355,0.1378528225806451,1.9805,1.33515,seq4,A105(H)G,0.44629,0.44629,False
D15_M4_GC8,8,4,PR-2-01,d15,79,1.116085,-0.00359,0.5063291139240507,0.1408722310126582,2.22073,1.5708055,seq7,L50(H)F A105(H)G G70(L)R Q105(L)H,1.2193200000000002,0.7783500000000001,False
D15_M5_GC9,9,5,PR-2-01,d15,64,0.970235,0.009365,0.421875,0.0751953125,2.74006,2.1505754999999995,seq3,A40(L)G,0.80414,0.0,False
D15_M5_GC10,10,5,PR-2-01,d15,71,1.0018,-0.124,0.4857142857142857,0.1488776408450704,2.9530800000000004,2.2203655,seq14,K84(H)T Y103(H)F A40(L)G,1.0018,0.8041400000000001,False
D15_M6_GC11,11,6,PR-2-01,d15,87,0.61331,-0.19111,0.2988505747126437,0.0550466954022988,1.98159,1.5579419999999995,seq29,A105(H)G,0.44629,0.44629,False
D15_M6_GC12,12,6,PR-2-01,d15,81,1.01865,-0.11142,0.8395061728395061,0.2858796296296296,1.85801,1.5618500000000002,seq1,Y42(L)F A52(L)S Q105(L)H,1.01865,1.01865,False
D15_M6_GC13,13,6,PR-2-01,d15,85,0.1657,-0.17487,0.2891566265060241,0.0898753446691176,2.30559,1.20002,naive,,0.0,0.0,True
D15_M6_GC14,14,6,PR-2-01,d15,85,1.63843,-0.37013,0.8117647058823529,0.2560661764705882,2.72834,2.15425,seq2,D28(H)A L50(H)H A105(H)G G36(L)R Q95(L)H,1.74929,0.2767999999999999,False
D15_M7_GC15,15,7,PR-2-02,d15,83,0.55,-0.14381,0.6506024096385542,0.0809855633471385,2.33575,1.477767,seq36,A105(H)G,0.44629,0.44629,False
D15_M7_GC16,16,7,PR-2-02,d15,75,1.19182,-0.00335,0.4933333333333333,0.18671875,2.36809,1.6176259999999998,seq7,S64(H)R T65(H)N T96(H)S A105(H)G,1.51978,1.07349,False
D15_M8_GC17,17,8,PR-2-02,d15,71,0.8444,-0.0364199999999999,0.4929577464788732,0.057527783890845,2.1079700000000003,1.43349,seq58,A105(H)G,0.44629,0.44629,False
D15_M9_GC18,18,9,PR-2-01,d15,68,0.82057,-0.005815000000000001,0.5294117647058824,0.0744485294117647,2.6462,1.6382225,seq17,Y58(H)H A105(H)G A57(L)T,0.86333,0.41704,False
D15_M9_GC19,19,9,PR-2-02,d15,78,1.16729,-0.0025199999999999502,0.6666666666666666,0.1033653846153846,2.3457100000000004,1.976519,seq27,A105(H)G N108(L)H,1.16729,0.7209999999999999,False
D15_M10_GC20,20,10,PR-2-01,d15,83,0.879405,-0.058794999999999945,0.6585365853658537,0.0486163403614457,2.38719,1.6260770000000002,seq49,A40(L)G Y42(L)H,0.76167,-0.04247,False
D15_M10_GC21,21,10,PR-2-02,d15,77,0.6,-0.05828,0.6623376623376623,0.2167207792207792,1.70297,1.415399999999999,seq18,A105(H)G R67(L)K,0.601,0.1547099999999999,False
D15_M10_GC22,22,10,PR-2-02,d15,85,1.25161,-0.01762,0.9529411764705882,0.1096966911764705,2.55458,1.7913119999999998,seq45,A105(H)G N108(L)K,1.30594,0.0,False
D15_M10_GC23,23,10,PR-2-02,d15,82,0.95049,-0.03947,0.7317073170731707,0.2097525247713414,2.18573,1.7745000000000002,seq21,S64(H)G Q105(L)H L116(L)I,0.84821,0.84821,False
D15_M11_GC24,24,11,PR-2-02,d15,71,1.28154,-0.00335,0.6619718309859155,0.0880281690140845,2.82259,2.013045,seq17,D28(H)A S57(H)N A105(H)G,1.43297,0.85907,False
D15_M11_GC25,25,11,PR-2-02,d15,80,0.98346,-0.54481,0.5875,0.196484375,2.43845,2.0071235,seq19,D28(H)G Y42(L)C K51(L)R,0.85585,0.69811,False
D15_M11_GC26,26,11,PR-2-02,d15,73,1.30594,-0.06154,0.4520547945205479,0.0890410958904109,2.87891,2.011244,seq6,A105(H)G N108(L)K S109(L)N,1.31825,0.0,False
D15_M12_GC27,27,12,PR-2-02,d15,84,0.63451,-0.00335,0.75,0.1825358072916666,1.51196,1.3413830000000002,seq4,A105(H)G,0.44629,0.44629,False
D15_M12_GC28,28,12,PR-2-02,d15,81,0.70621,-0.1116699999999999,0.525,0.0951003086419753,1.94075,1.43044,seq8,A105(H)G K9(L)R E97(L)D Q105(L)H,0.6843700000000001,0.2380800000000001,False
D15_M12_GC29,29,12,PR-2-02,d15,77,1.57316,-0.03704,0.9090909090909092,0.2419592126623376,2.74198,2.333514,seq12,N92(H)S A40(L)G N108(L)K,1.57316,0.7690200000000001,False
D15_M13_GC30,30,13,PR-2-03,d15,82,0.44629,-0.1709399999999999,0.5609756097560976,0.0682164634146341,1.72098,1.35562,seq54,A105(H)G F115(H)I,0.66112,0.21483,False
D15_M13_GC31,31,13,PR-2-03,d15,72,0.91991,-0.8052,0.8450704225352113,0.3688422309027778,1.80017,1.484965,seq1,I78(H)F Y42(L)S N108(L)K,0.91991,0.91991,False
D15_M13_GC32,32,13,PR-2-04,d15,66,0.5804800000000001,-0.07282,0.3181818181818182,0.0673532196969697,1.7369,1.410214,seq9,T18(H)A A105(H)G,0.47473,0.02844,False
D15_M13_GC33,33,13,PR-2-04,d15,74,0.33958,-0.12579,0.3918918918918919,0.1460092905405405,1.24456,0.7593520000000004,seq3,A105(H)G,0.44629,0.44629,False
D15_M14_GC34,34,14,PR-2-03,d15,78,1.26626,-4.999999999949923e-06,0.717948717948718,0.2520532852564102,2.26164,1.743134,seq6,A105(H)G N108(L)K,1.30594,0.85965,False
D15_M14_GC35,35,14,PR-2-03,d15,57,1.25043,0.033894999999999995,0.9473684210526316,0.3374837239583333,2.35414,2.0718825,seq7,A105(H)G A40(L)G,1.25043,0.8041399999999999,False
D15_M14_GC36,36,14,PR-2-03,d15,57,0.84283,-0.0081899999999999,0.8421052631578947,0.1184210526315789,1.67952,1.496979999999999,seq4,S83(H)A L91(H)M A105(H)G N108(L)K,1.30128,0.85965,False
D15_M14_GC37,37,14,PR-2-04,d15,67,0.76167,-0.48848,0.5970149253731343,0.1058914412313432,1.68833,1.309964,seq12,A40(L)G Y42(L)H,0.76167,-0.04247,False
D15_M15_GC38,38,15,PR-2-03,d15,63,0.80414,0.0,0.5714285714285714,0.1626984126984127,1.86385,1.243147,seq16,A40(L)G,0.80414,0.0,False
D15_M16_GC39,39,16,PR-2-03,d15,54,0.6553150000000001,-0.00335,0.925925925925926,0.2709780092592592,1.5247000000000002,1.2875269999999994,seq7,A105(H)G,0.44629,0.0,False
D15_M16_GC40,40,16,PR-2-04,d15,51,1.1993900000000002,-0.04016,0.8627450980392157,0.331188725490196,1.9081300000000003,1.4038475,seq13,A105(H)G Y66(L)F S109(L)R,1.1993900000000002,0.7531000000000001,False
D15_M17_GC41,41,17,PR-2-03,d15,80,0.9463899999999998,-0.12055,0.525,0.078125,2.30159,1.7848769999999998,seq2,Y58(H)H S64(H)N K84(H)M A105(H)G Q95(L)K Y102(L)F L116(L)I,1.412,0.61101,False
D15_M17_GC42,42,17,PR-2-04,d15,84,1.23219,-0.07096,0.6785714285714286,0.0978887648809523,2.1091800000000003,1.6779810000000002,seq34,A105(H)G,0.44629,0.44629,False
D15_M17_GC43,43,17,PR-2-04,d15,74,0.8683,-0.13895999999999994,0.3108108108108108,0.1107474662162162,2.14556,1.6929475,seq13,D28(H)G A105(H)G,1.1444,0.69811,False
D15_M17_GC44,44,17,PR-2-04,d15,75,0.853575,-0.08649,0.3733333333333333,0.1360416666666666,2.06408,1.704141,seq1,Q44(L)E Q105(L)H,0.8433,0.8433,False
D15_M17_GC45,45,17,PR-2-04,d15,79,1.16225,-0.0461199999999999,0.620253164556962,0.0704113924050632,2.06134,1.963066,seq2,A40(L)G R67(L)K,0.95885,0.15471,False
D15_M18_GC46,46,18,PR-2-03,d15,78,1.2766700000000002,-0.00318,0.8717948717948718,0.1759314903846154,2.24059,1.5373800000000002,seq3,S64(H)R A105(H)G,1.32414,0.87785,False
D15_M18_GC47,47,18,PR-2-03,d15,70,0.30738,-0.21696,0.3714285714285714,0.175,1.3871,1.1909279999999995,seq6,Y42(L)N,0.25938,0.0,False
D15_M18_GC48,48,18,PR-2-04,d15,82,0.943975,-0.15761999999999998,0.3658536585365853,0.1031940739329268,2.33934,1.976258,seq1,Y42(L)N L116(L)V,0.39153,0.39153,False
D15_M19_GC49,49,19,PR-2-03,d15,75,1.30594,0.00039499999999994986,0.9066666666666666,0.19625,2.2802,2.1322244999999995,seq20,A105(H)G N108(L)K,1.30594,0.0,False
D15_M19_GC50,50,19,PR-2-03,d15,67,1.41717,-0.4938,0.5522388059701493,0.162138526119403,2.38445,2.277292,seq3,A40(L)G Y42(L)H S109(L)K,1.41717,1.41717,False
D15_M19_GC51,51,19,PR-2-04,d15,73,0.92264,-1.13242,0.5205479452054794,0.0718107876712328,2.75587,1.814062,seq11,Y42(L)N N108(L)K,1.11903,0.0,False
D15_M19_GC52,52,19,PR-2-04,d15,78,1.28673,-0.012455,0.7307692307692307,0.1168682391826922,2.3995100000000003,2.1945164999999998,9,A105(H)G,0.44629,0.44629,False
D20_M20_GC53,53,20,PR-1-01,d20,94,0.607,-0.11346,0.5957446808510638,0.0648582945478723,1.55936,1.41185,seq50,N92(H)K A105(H)G,0.57923,0.13294,False
D20_M20_GC54,54,20,PR-1-03,d20,72,1.035075,0.013795,0.375,0.2013888888888889,1.83842,1.5110685,seq1,Q105(L)H L116(L)I,0.83394,0.83394,False
D20_M20_GC55,55,20,PR-1-03,d20,84,1.06311,-0.00425,0.5,0.1568080357142857,2.76451,2.6525200000000004,seq3,A105(H)G Q105(L)H S109(L)I,1.01481,0.5685199999999999,False
D20_M20_GC56,56,20,PR-1-04,d20,89,1.341755,-0.07288,0.9325842696629212,0.1167485955056179,1.95279,1.6273499999999996,seq22,A105(H)G S92(L)N N108(L)K S109(L)N I126(L)R,1.4246200000000002,0.10637,False
D20_M20_GC57,57,20,PR-1-04,d20,72,0.9939049999999999,0.0026649999999999,0.9583333333333334,0.0837266710069444,2.5175,1.9575825,seq15,A105(H)G F115(H)I,0.66112,0.21483,False
D20_M20_GC58,58,20,PR-1-04,d20,83,1.2920600000000002,-0.0566399999999999,0.5301204819277109,0.0707831325301204,2.4223000000000003,2.1529,seq14,Y58(H)H T96(H)A A105(H)G F115(H)I S92(L)R N108(L)K,1.98134,0.2687900000000001,False
D20_M20_GC59,59,20,PR-1-04,d20,84,1.1298949999999999,-0.43279499999999993,0.4523809523809524,0.0794459751674107,2.9010700000000003,2.5716885,seq35,Y42(L)N N108(L)H,0.98038,0.98038,False
D20_M20_GC60,60,20,PR-1-04,d20,85,1.28064,-0.0720399999999999,0.9176470588235294,0.0647058823529411,2.25583,2.024538,seq4,A105(H)G S96(L)A S109(L)R,1.28064,0.7949999999999999,False
D20_M20_GC61,61,20,PR-1-05,d20,88,1.46476,0.01096499999999995,1.0,0.061434659090909,2.78599,2.3744475,seq47,A105(H)G Q105(L)H N108(L)S S109(L)T,1.54361,1.09732,False
D20_M20_GC62,62,20,PR-1-05,d20,85,1.27637,-0.0165599999999999,1.0,0.1176470588235294,1.95038,1.673878,seq24,S57(H)N S64(H)R I76(H)V A105(H)G I126(L)L,1.5445000000000002,0.2203600000000001,False
D20_M20_GC63,63,20,PR-1-06,d20,90,0.89993,-0.001335,0.8444444444444444,0.0822916666666666,1.86513,1.7437755,seq50,A105(H)G L116(L)I,0.89993,0.45364,False
D20_M20_GC64,64,20,PR-1-07,d20,66,1.3552300000000002,0.03264,1.0,0.2516571969696969,2.23229,1.7355300000000002,seq6,K49(H)E S57(H)N S64(H)R A105(H)G,1.3552300000000002,0.90894,False
D20_M20_GC65,65,20,PR-1-07,d20,49,1.3515,-0.2509,0.5306122448979592,0.1073022959183673,2.44468,1.8572479999999996,seq10,A105(H)G T125(H)I N108(L)K I126(L)T,1.35234,0.0464,False
D20_M20_GC66,66,20,PR-1-08,d20,84,1.210855,0.00495499999999995,0.8333333333333334,0.2176571800595238,2.18968,1.6445515000000002,seq8,L50(H)F S57(H)N S77(H)T T96(H)S A105(H)G N108(L)K,1.48219,0.85433,False
D20_M20_GC67,67,20,PR-1-08,d20,75,0.8961300000000001,0.0138899999999999,0.7066666666666667,0.0789192708333333,2.18094,1.804675,19,A40(L)G Y42(L)F I126(L)V,0.8046099999999999,0.03974,False
D20_M20_GC68,68,20,PR-1-08,d20,84,0.8116800000000001,-0.07436499999999996,0.7380952380952381,0.0883556547619047,2.21548,1.6431970000000002,seq28,A105(H)G S109(L)R,1.24129,0.7949999999999999,False
D20_M20_GC69,69,20,PR-1-08,d20,54,1.694375,-0.012805,0.7777777777777778,0.2878327546296296,2.48174,2.2672409999999994,seq2,A105(H)G A40(L)G S109(L)R,2.04543,0.8041400000000001,False
D20_M21_GC70,70,21,PR-1-01,d20,89,1.1549200000000002,-0.03798,0.8426966292134831,0.107860779494382,2.14101,2.09769,18,A105(H)G E97(L)D,0.49855,0.0,False
D20_M21_GC71,71,21,PR-1-02,d20,88,0.98865,-0.0085999999999999,1.0,0.2644819779829545,1.94127,1.4448999999999996,seq11,R67(L)K Q105(L)H L116(L)I,0.98865,0.45364,False
D20_M21_GC72,72,21,PR-1-03,d20,76,1.342155,-0.09888,0.4605263157894737,0.0853207236842105,2.10053,1.802645,seq22,D28(H)A N40(H)C A40(L)S,1.29019,0.55555,False
D20_M21_GC73,73,21,PR-1-03,d20,70,1.199115,-0.18503999999999993,0.3285714285714285,0.0734375,2.0042,1.756277,seq10,S64(H)R Y42(L)H Q48(L)E N108(L)K,1.73354,0.87785,False
D20_M21_GC74,74,21,PR-1-03,d20,25,1.23563,-0.27663,0.48,0.12,2.38714,1.824414,seq10,N40(H)I Y87(H)F A105(H)T Y42(L)F,-1.3967599999999998,-0.0392699999999999,False
D20_M21_GC75,75,21,PR-1-05,d20,89,1.4944549999999999,-0.002275,0.6853932584269663,0.0788272471910112,2.39516,2.12182,seq24,A105(H)G S12(L)P V15(L)A A40(L)G N108(L)H S109(L)T,1.99421,0.80932,False
D20_M21_GC76,76,21,PR-1-05,d20,69,1.00867,-0.0847,0.7681159420289855,0.0507670969202898,2.12465,1.787844,11,A105(H)G A40(L)G,1.25043,0.0,False
D20_M21_GC77,77,21,PR-1-05,d20,77,0.90582,-0.03814,0.6233766233766234,0.0540026379870129,2.66549,2.122766,seq31,T96(H)A A40(L)G N108(L)Y E125(L)D,1.63612,1.63612,False
D20_M21_GC78,78,21,PR-1-05,d20,83,1.2389000000000001,-0.051875000000000004,0.6385542168674698,0.0577936746987951,2.44758,2.1529300000000005,seq11,S57(H)N S64(H)R A105(H)G,1.45175,1.00546,False
D20_M21_GC79,79,21,PR-1-05,d20,88,1.30594,-0.0060299999999999,0.7840909090909091,0.2029474431818181,2.09332,1.5684314999999998,seq3,A105(H)G N108(L)K,1.30594,0.0,False
D20_M21_GC80,80,21,PR-1-07,d20,45,1.32032,-0.07588,0.9333333333333332,0.1361111111111111,2.2635,1.96719,seq23,A105(H)G N108(L)K S109(L)N K123(L)M,1.32264,0.0,False
D20_M21_GC81,81,21,PR-1-07,d20,66,1.08126,-0.03784,0.9242424242424242,0.200298887310606,2.04902,1.83415,seq32,S29(H)P A105(H)G F115(H)L T90(L)A,0.8770600000000001,0.427,False
D20_M21_GC82,82,21,PR-1-07,d20,76,0.83438,-0.23657,0.2894736842105263,0.0629625822368421,2.04276,1.79814,seq5,S64(H)R Q86(H)H Y42(L)H,0.83438,0.87685,False
D20_M21_GC83,83,21,PR-1-08,d20,89,0.90807,-0.32966,0.550561797752809,0.0527782654494382,2.5458000000000003,2.190128,seq8,Y42(L)H S109(L)R L116(L)V,0.88468,0.795,False
D20_M21_GC84,84,21,PR-1-08,d20,84,1.20911,-0.05075,0.7023809523809523,0.1164783296130952,2.30317,1.9422759999999977,seq29,A105(H)G N108(L)K,1.30594,0.85965,False
D20_M22_GC85,85,22,PR-1-02,d20,75,0.5323,-1.20943,0.6133333333333333,0.0942838541666666,2.53267,1.6548019999999997,seq66,Y42(L)N,0.25938,0.25938,False
D20_M22_GC86,86,22,PR-1-02,d20,76,0.8125850000000001,-0.10237499999999994,0.6842105263157895,0.0501644736842105,2.2266,1.9896875,seq29,I76(H)F L99(L)W L116(L)P,-0.02546,0.00067,False
D20_M22_GC87,87,22,PR-1-02,d20,68,0.42382999999999993,-0.22116,0.4852941176470588,0.0981158088235294,1.24119,1.105531,seq4,T65(H)S G36(L)D A52(L)S N108(L)K,1.04852,0.0,False
D20_M22_GC88,88,22,PR-1-03,d20,82,0.1389199999999999,-0.1575,0.3902439024390244,0.048780487804878,1.96522,1.5524309999999983,seq15,T96(H)A P72(L)S N93(L)T L99(L)M L116(L)P,0.0879899999999999,0.0765599999999999,False
D20_M22_GC89,89,22,PR-1-03,d20,87,0.7148100000000001,-0.16873,0.4137931034482758,0.0475933908045977,1.83375,1.54563,seq33,Y103(H)F F10(L)L S12(L)T Y42(L)H N108(L)K L116(L)I,1.46106,0.99422,False
D20_M22_GC90,90,22,PR-1-03,d20,62,1.47113,-0.1045899999999999,1.0,0.1659526209677419,2.2463,1.9266625,seq27,Y67(H)F I76(H)V N85(H)K A105(H)G N108(L)S L116(L)I,1.51906,0.45364,False
D20_M22_GC91,91,22,PR-1-06,d20,77,1.4946000000000002,-0.0247,0.7272727272727273,0.2818587662337662,2.50462,1.7673125,seq17,Y66(L)H Q105(L)H N108(L)K L116(L)I,1.6389300000000002,0.4929100000000002,False
D20_M22_GC92,92,22,PR-1-07,d20,31,1.25416,-0.0632099999999999,0.5806451612903226,0.0873550907258064,2.11715,2.0016800000000003,seq4,A40(L)G N108(L)K S109(L)N L116(L)P,1.63796,0.8338200000000001,False
D20_M22_GC93,93,22,PR-1-07,d20,53,1.02523,-0.07815,0.7169811320754716,0.0823997641509433,1.73273,1.37433,10,A105(H)G,0.44629,0.44629,False
D20_M22_GC94,94,22,PR-1-07,d20,78,0.50893,-1.27805,0.6410256410256411,0.1101262019230769,1.59407,1.484796,seq35,Y42(L)N L99(L)V L124(L)V,0.3567599999999999,0.0,False
D20_M22_GC95,95,22,PR-1-07,d20,77,0.6948449999999999,-0.10006000000000001,0.8311688311688312,0.0938768262987013,1.88763,1.21034,seq16,A40(L)G S65(L)T,0.79045,-0.08206,False
D20_M22_GC96,96,22,PR-1-07,d20,39,1.16145,-0.1175,0.5128205128205128,0.0384615384615384,1.85465,1.700965,seq4,Y88(H)F A105(H)G N108(L)K,1.3589600000000002,0.05302,False
D20_M22_GC97,97,22,PR-1-07,d20,33,1.37687,-0.03708,1.0,0.1226325757575757,2.29507,2.003328,seq3,N85(H)S A105(H)G N108(L)K L116(L)I,1.66856,0.45364,False
D20_M22_GC98,98,22,PR-1-08,d20,84,1.21578,-0.03526,0.9166666666666666,0.0853111630394345,2.33576,1.5209659999999998,seq9,A105(H)G,0.44629,0.44629,False
D20_M22_GC99,99,22,PR-1-08,d20,82,0.190135,-0.0783149999999999,0.5121951219512195,0.1613471798780487,2.44172,2.116898000000001,seq1,T95(H)I T90(L)I L116(L)P,0.09145,0.0,False
D20_M23_GC100,100,23,PR-1-02,d20,82,0.49888,-0.48064,0.5853658536585366,0.1179496951219512,2.07881,1.27156,seq47,I78(H)L Y42(L)C,0.36673,0.1313,False
D20_M23_GC101,101,23,PR-1-02,d20,84,0.98038,-0.19609,0.3333333333333333,0.1046316964285714,1.91372,1.741519,seq9,T65(H)I Y103(H)F K51(L)R A52(L)S,0.87529,0.87529,False
D20_M23_GC102,102,23,PR-1-02,d20,74,0.48603,-0.08262,0.3513513513513513,0.0601245777027027,2.18996,1.7624399999999998,seq7,Y42(L)N,0.25938,0.25938,False
D20_M23_GC103,103,23,PR-1-03,d20,81,0.41191,-0.61836,0.9629629629629628,0.33203125,1.92757,1.2452639999999993,seq12,I78(H)L N92(H)T Y42(L)C,0.3503,0.3503,False
D20_M23_GC104,104,23,PR-1-04,d20,71,0.92924,-0.04394,0.4788732394366197,0.1659399757922535,2.45583,1.84097,seq15,Y103(H)F Y42(L)F Q105(L)H L116(L)I,0.92924,0.45364,False
D20_M23_GC105,105,23,PR-1-04,d20,80,1.30267,0.0048499999999998995,0.5625,0.14326171875,2.3394700000000004,1.7087245,seq7,S57(H)N T125(H)S Q105(L)H L116(L)I,0.96235,0.58205,False
D20_M23_GC106,106,23,PR-1-04,d20,83,0.95779,-0.4879,1.0,0.3126882530120481,1.41209,1.0817665,seq12,S64(H)T N92(H)K Y42(L)C N108(L)H,0.95779,-0.02745,False
D20_M23_GC107,107,23,PR-1-07,d20,55,0.8366,0.0572,0.5818181818181818,0.1328924005681818,2.01394,1.9177109999999995,seq29,S7(L)P A40(L)G I54(L)M,0.78567,-0.0184699999999999,False
D20_M23_GC108,108,23,PR-1-08,d20,56,1.15631,-0.100915,0.5535714285714286,0.0800781249999999,1.86628,1.7852375,8,A40(L)G K123(L)Q I126(L)M K127(L)I,0.96677,0.96677,False
D20_M23_GC109,109,23,PR-1-08,d20,74,1.0273750000000001,-1.20567,0.5945945945945946,0.0863597972972973,2.09192,1.9639975,seq7,A105(H)G Y42(L)N N108(L)K,1.56532,0.85965,False
D20_M24_GC110,110,24,PR-1-02,d20,86,0.77259,-0.01176,0.6744186046511628,0.0568223110465116,1.96023,1.56759,seq3,T96(H)A T123(H)A T77(L)A Q105(L)H L116(L)V,0.77259,0.7149,False
D20_M24_GC111,111,24,PR-1-02,d20,60,1.33047,-0.3815199999999999,0.6666666666666666,0.1750691731770833,1.9856,1.671839,seq20,Q90(H)K A40(L)G Y42(L)H N108(L)Y,1.54874,0.7446,False
D20_M24_GC112,112,24,PR-1-02,d20,78,0.385465,-0.04793,0.4675324675324675,0.1513358874198718,1.67043,1.428585,seq4,A105(H)G N108(L)K,1.30594,0.85965,False
D20_M24_GC113,113,24,PR-1-04,d20,89,0.86921,-0.24292,0.2921348314606741,0.0718047752808988,2.12106,1.785166,seq28,A40(L)G E97(L)K,0.84731,0.04317,False
D20_M24_GC114,114,24,PR-1-04,d20,87,0.91397,0.00348499999999995,0.6091954022988506,0.129040948275862,2.3068,2.017405,seq57,A105(H)G A40(L)G,1.25043,0.8041399999999999,False
D20_M24_GC115,115,24,PR-1-04,d20,85,1.04648,-0.1724,0.8823529411764706,0.1853170955882352,1.94591,1.830034,seq26,K49(H)R A52(L)S R67(L)K,0.91887,0.91887,False
D20_M25_GC116,116,25,PR-1-02,d20,78,1.1050200000000001,-0.031209999999999953,0.8846153846153846,0.1347155448717948,2.38422,1.6551250000000002,seq19,A105(H)G A40(L)G S49(L)P,1.37876,0.80414,False
D20_M25_GC117,117,25,PR-1-03,d20,76,0.608315,-0.5133800000000001,0.4078947368421052,0.0670465168200041,1.78818,1.5780925,naive,,0.0,0.0,True
D20_M25_GC118,118,25,PR-1-08,d20,70,0.49102,-0.02191,0.9714285714285714,0.0847446986607142,1.42049,1.351937,19,A105(H)G,0.44629,0.44629,False
D20_M25_GC119,119,25,PR-1-08,d20,81,0.698655,-0.26017,0.5802469135802469,0.1069155092592592,1.6837700000000002,1.520684,seq16,T99(H)S Y103(H)S A105(H)G T77(L)A Q105(L)H,1.3992300000000002,0.5726400000000001,False
