,Fivemer,A,C,G,T
336,NNGAC,6.77765719421234e-06,6.77765719421234e-06,0.0,6.77765719421234e-06
337,NGACA,0.0,2.16702018053118e-05,9.501550022329021e-05,0.000191697939046989
338,GACAT,0.00016185538994171631,0.0,9.84481237789821e-05,6.841310296505536e-05
339,ACATT,0.0,8.937296508390279e-05,0.0003018445424531811,0.0006627089675089396
340,CATTG,0.0008068240387965397,0.0015206180521553235,0.0005767861577140881,0.0
341,ATTGT,0.00023743478195051683,0.0004192997213168701,0.0001599737892574404,0.0
342,TTGTG,0.00015484803227912403,4.4955880339100526e-05,0.0,8.824672807304918e-05
343,TGTGA,0.0002777270653829298,0.0003147573407673205,0.00017000262790106612,0.0
344,GTGAT,0.0005060241499022303,4.202858387892278e-05,0.0,9.582517124394392e-05
345,TGATG,0.0,0.00041661538613758513,0.00044360261762827895,0.0002513185932570858
346,GATGA,0.0003448073448473962,0.0001597887695634275,0.00018333658823593263,0.0
347,ATGAC,2.669737132089651e-05,1.7274769678227156e-05,0.0,2.0415636892450274e-05
348,TGACT,0.0,0.00027108517494491707,0.0003586406351755735,0.00017342716161072334
349,GACTC,0.00013906804308930608,0.0,0.00015247219182080546,0.00015917426618655518
350,ACTCA,0.00010941716038202446,0.00024408443469836228,0.0004191518913096014,0.0
351,CTCAG,0.00014240706080918212,0.0,0.00017926535890097045,0.00012565328894927836
352,TCAGT,0.0,0.00038895857304354557,0.00020710781162058923,0.00021047541831360693
353,CAGTC,0.00010822713613001096,0.00012487746476539727,0.0,5.4946084496774797e-05
354,AGTCT,0.00018010178032646648,0.00039218425061744564,0.00019020094557841785,0.0
355,GTCTC,0.00012201325663119268,0.0,6.184233555279628e-05,0.00018552700665838887
356,TCTCA,0.00014985453747961807,0.00023404247988389784,0.00041925595317331344,0.0
357,CTCAA,0.0002424716141243339,0.0,1.5049962255993138e-05,0.00012541635213327614
358,TCAAA,0.0,0.00012604235460613754,0.0003277101219759576,0.0001630147786239379
359,CAAAA,0.0,0.00026845331144975307,0.000987705579862299,0.00016715017505361982
360,AAAAA,0.0,0.000190632849107358,0.0007608443800656501,0.00020750301274517728
361,AAAAT,0.0,0.00023815573882645676,0.0010826796353741758,0.00027869288586074726
362,AAATT,0.0,0.0002479023602062234,0.000524473700844459,0.0002984946786156567
363,AATTC,0.0010604176904443461,0.0012667509571655745,0.0003940627143118543,0.0
364,ATTCA,0.00013971327371737092,0.00036527446261047576,0.00026427691534490645,0.0
365,TTCAT,0.00034071115030755427,0.0,3.188922096474646e-05,0.0001594461048237323
366,TCATG,0.0,0.0003936012514167152,0.0004409009726170071,0.0008361914997908756
367,CATGT,0.0005076320696773084,0.00040644295279811067,0.00016696204285067618,0.0
368,ATGTC,9.141210622952358e-05,9.806025940985257e-05,0.0,7.146764668853661e-05
369,TGTCC,0.00021398858643629896,0.0004802106073570489,0.00021061868743730213,0.0
370,GTCCA,0.00011488724229406137,0.0,3.496568243732302e-05,0.00013819769725227673
371,TCCAC,0.0001825012817341664,0.0,0.00011552833430878424,0.00012557427642259156
372,CCACA,0.0,0.0002685762524753713,0.0006942442752665259,0.0006705960517781284
373,CACAT,0.00014504921976651218,0.0,3.501188063329604e-05,0.0001317113604776375
374,ACATC,0.0,0.0002145366992158744,0.0006537456897365621,0.0007990225096780203
375,CATCA,0.00015671640048210442,0.0002611940008035074,0.0005038516531628949,0.0
376,ATCAG,0.00027730556849097705,0.0,3.5293435989760715e-05,0.0003075570850536291
377,TCAGT,0.0,0.00023761179267346806,0.00033535281377319246,0.00035557509400072166
378,CAGTA,0.0005951529153105323,0.00023098002662193462,0.0,0.00019051637232320157
379,AGTAG,0.0010911381285983064,0.0012670735787909018,0.0007934012128877609,0.0
380,GTAGG,0.0,0.0015359955573607804,0.0039509124975994495,0.003815433286365864
381,TAGGA,0.0009507936671450081,0.0004306436680674548,0.0,0.00014692548675242575
382,AGGAG,0.00016813358927063676,5.4934737088425865e-05,0.0,6.159349309914415e-05
383,GGAGA,0.0,0.00042723395531149994,0.0006366292535669386,0.00043061129883174897
384,GAGAC,0.00013455653171933951,9.136554622918117e-05,0.0,2.8240259743565083e-05
385,AGACA,0.0,0.0002718612849535642,0.0004846222905693971,0.0007142690902817246
386,GACAG,0.0001788188757559587,0.0,7.186179119164696e-05,0.00011531310679589861
387,ACAGG,0.0,0.00010603493896253916,0.00038542858765748365,0.00026424580027172457
388,CAGGG,7.784120313521678e-05,4.471728690746496e-05,0.0,9.771555287186788e-05
389,AGGGT,0.000191797195919369,4.169504259116717e-05,0.0,8.505788688598103e-05
390,GGGTC,0.00027389453109836207,8.569706187740163e-05,0.0,0.00024700917835251057
391,GGTCA,0.00019047344861382881,0.0002848673700507705,0.0004972536932838893,0.0
392,GTCAG,9.084344813521009e-05,0.0,4.955097171011459e-06,0.000100753642477233
393,TCAGC,0.0,0.00016683711673553422,0.00041625018013815104,0.00034884124408338975
394,CAGCG,0.0005881313321071327,0.0002612044598183541,0.0,7.920393297717832e-05
395,AGCGT,0.0002034592074433302,0.0,3.8674064224765245e-05,0.000418688782259415
396,GCGTC,0.00020150958963657695,1.4988316584538783e-05,0.0,7.49415829226939e-05
397,CGTCA,0.00027463519576683196,0.0003824674198716003,0.00024093762573409183,0.0
398,GTCAC,0.0001285031092055801,0.0,4.839727489560808e-05,0.00015520505397557076
399,TCACC,0.0,0.00023810816745998826,0.000521811515922953,0.0007447212897152825
400,CACCT,9.143450018314648e-05,0.0,2.8261572783881644e-05,0.00014463275483515898
401,ACCTG,8.118133719169294e-05,0.0,2.816495371956693e-05,0.00011431657686177167
402,CCTGC,0.00026791256458236554,0.0004229311554098978,0.00021736302409512679,0.0
403,CTGCA,0.0010184472580814427,0.00024490025277248625,0.0,0.00031245894319248245
404,TGCAA,0.00013968837979959077,0.0,0.00022047202112947457,0.0003887712739000659
405,GCAAG,0.0,8.579940735359752e-05,0.00038525616243085945,0.00023721012621288724
406,CAAGG,0.0,0.00031913129178141154,0.0009236233682774186,0.00021444271987428184
407,AAGGC,0.00011427750726669164,4.140489393720711e-05,0.0,6.459163454204309e-05
408,AGGCC,0.0002165368136356043,0.00011246485669446115,0.0,0.0002098224938329499
409,GGCCA,0.00012861497622212217,0.0,0.00010857108382386937,0.00011525238128995363
410,GCCAG,7.798985372207353e-05,0.0,5.144011628477191e-05,0.00011117702551870057
411,CCAGT,0.0,0.0002346795894084023,0.0005959848565551512,0.0005824781175963942
412,CAGTC,0.0002465287916084884,0.00014255066181443203,0.0,0.00010230106318447475
413,AGTCA,0.00040348192730041475,0.0004912687901440197,0.00048789237234234253,0.0
414,GTCAG,9.473617001372591e-05,0.0,6.149540860540103e-05,0.00010470839843622339
415,TCAGA,0.0,8.897506117618649e-05,0.0002736402824852528,0.00018298644656989302
416,CAGAA,0.0006053375080761345,0.0003456662650574027,0.0,8.9367375844109e-05
417,AGAAT,0.0,0.00040643698491263044,0.0004367932742422045,0.0002344180120450441
418,GAATG,0.0,0.001108988674948665,0.0029104603545599315,0.0025853827582391015
419,AATGT,0.0006397417279929498,0.0005789747036981049,0.00011309418410429455,0.0
420,ATGTG,0.0003347154286303209,0.00010596518594829252,0.0,0.0002472521005460159
421,TGTGG,0.0004408019301709617,0.0005016021964014391,0.0006130693511573145,0.0
422,GTGGG,0.000293818869128235,8.898514322169402e-05,0.0,0.00016957546161115275
423,TGGGT,0.0014618022483371346,0.0001402654180485343,0.0,0.00031939956639967455
424,GGGTA,0.0104219259574295,0.0008926304208622376,0.0,0.0025796511024159157
425,GGTAC,0.003899960099724054,0.0033546769246866484,0.0014444923860462953,0.0
426,GTACT,0.0,0.0016614910048639781,0.004059728785585072,0.00583808307213673
427,TACTA,0.0008346359299703982,0.0,0.002889905745353894,0.002243189872638494
428,ACTAA,0.001544610355784588,0.001155497122673465,0.0005836698496666844,0.0
429,CTAAT,0.0,0.001664543923528457,0.003879420273452386,0.002389289395827724
430,TAATG,0.0,0.001779237391205587,0.0019519131418268714,0.0019451415437632914
431,AATGT,0.0004640308152300427,0.0006023963674077282,0.00015355201522157777,0.0
432,ATGTA,0.0009845404415372943,0.00014354363212807893,0.0,0.00038672343243917735
433,TGTAG,0.002381271602637854,0.0010340845410175756,0.000952847130266604,0.0
434,GTAGC,0.0,0.0013699505598554697,0.0024774260433480244,0.004526425026568195
435,TAGCC,0.0010804392273520997,0.001124400760859384,0.0,0.00019106358793550431
436,AGCCT,0.0007054285798386909,0.0,0.000698661878833044,0.0017339671326970219
437,GCCTG,0.00010887107086164916,0.0,5.862288431011877e-05,0.00026966526782654636
438,CCTGG,0.000616502460766897,0.0007144672353545133,0.0002685586061970866,0.0
439,CTGGT,0.0006356270815146355,9.610276829266372e-05,0.0,0.0002883083048779912
440,TGGTA,0.0012635091366236986,0.0010334726673053279,0.0,0.0005970799534513597
441,GGTAT,0.002449571983671118,0.002368314585456734,0.0007228522716154577,0.0
442,GTATC,0.0,0.0020850718969884774,0.0040566589709889545,0.007921918165893672
443,TATCA,0.00016006345427742303,0.00039931619646051846,0.0003386605716817055,0.0
444,ATCAA,0.00021723862668575548,0.0,0.00023744687102861646,0.00036880045925721285
445,TCAAC,0.0,0.0007049642217806049,0.0010396954350001726,0.00048519120300008066
446,CAACA,0.0,0.000756538802448292,0.0025539531384663815,0.001135654443943633
447,AACAG,0.0006544834143061772,0.0,0.0008777180672478191,0.0011178644363214034
448,ACAGA,0.0,0.00022463880582144292,0.0009171343726394247,0.000447588598065281
449,CAGAA,0.000896422754262524,0.0001907641642780889,0.0,0.0002886785140845416
450,AGAAA,0.0,0.0006394585292873146,0.0004099958380390962,0.00014341418203013654
451,GAAAC,0.0,0.0010613192400861606,0.003106093788768907,0.0008311128339430698
452,AAACC,0.0,0.0005092880434635753,0.002103139661213369,0.0009289007835930328
453,AACCA,0.0005736460660168761,0.0,0.0014941872457017746,0.0017649346514914508
454,ACCAG,0.00035980228953768197,0.0,9.290669448156107e-05,0.0011976517524986692
455,CCAGG,0.0,0.00037677405430046736,0.0006876548883421085,0.0007079297253448243
456,CAGGG,0.00013136456577274677,0.00011473613972556363,0.0,2.1616953861338075e-05
457,AGGGC,0.00012109738815242243,4.478944493308774e-05,0.0,7.133133822676937e-05
458,GGGCA,0.010052791448525715,0.0018648902080584354,0.0,0.0024170738663936305
459,GGCAA,0.0002764605858659911,0.0,7.20473041953795e-05,0.0001022066408353058
460,GCAAT,0.0,0.00042451698174230713,0.0010705946192943443,0.0012667857343625023
461,CAATC,0.0,0.0012102159901865215,0.0019786608287105504,0.001575819701907205
462,AATCT,0.0006608249470733906,0.0006540645895585733,0.0006709654833456165,0.0
463,ATCTC,0.000353228679336821,0.0,0.0004951961868214763,0.00113743014925206
464,TCTCC,0.0003261516883462469,0.001194762920522262,0.00038360846245905723,0.0
465,CTCCT,0.000145894421650424,0.0,8.552431613990373e-05,0.0002565729484197112
466,TCCTA,0.0002644302842003214,0.0,0.0001903224338511867,0.0003890662143329569
467,CCTAA,0.0017145107424621686,0.002147792825453595,0.0006482306163504547,0.0
468,CTAAA,0.0,0.0010307426617426247,0.0027131042475754146,0.0007870202589660435
469,TAAAG,0.0,0.0010875944203233448,0.0014123504525194292,0.0003873392259005381
470,AAAGC,0.0,0.0002888405465850129,0.0009543561919329373,0.0003800533507697538
471,AAGCA,0.006329457945732559,0.0053301589925663275,0.0,0.0008451697925931355
472,AGCAC,0.002131922694224205,0.0,0.0011870355906681237,0.004729515555971569
473,GCACT,0.0,0.0007664251860665506,0.0014533316442189115,0.0011826295917450745
474,CACTG,0.0005055530743641322,0.0,0.0007050690033774018,0.001175115005629003
475,ACTGA,0.0006974374313277378,0.0005623405923296289,0.0002448630206840726,0.0
476,CTGAT,0.0004973902571840076,0.00021750285822622704,0.0,0.0003119227036577675
477,TGATT,0.0,0.00099570942594726,0.0008368016398028757,0.0003668403148226748
478,GATTT,0.0023815618789853766,0.001927931044892924,0.0005704238473475991,0.0
479,ATTTA,0.0004175758975175011,0.0011986287908498307,0.0006305903229717728,0.0
480,TTTAC,0.0018195732745971197,0.002425533490695509,0.0005636445585496194,0.0
481,TTACT,0.0,0.0014574116782798024,0.001745170081656767,0.0018027217623321596
482,TACTC,0.000878797545531003,0.0,0.002971656440090386,0.0035439754581818674
483,ACTCG,0.00030223117037306714,0.0005082211300686771,0.0006264120905497649,0.0
484,CTCGG,0.00026702789636455314,0.0,8.900929878818438e-05,0.000213286432945272
485,TCGGC,0.0001669618972902801,2.1490145195778627e-05,0.0,1.4877792827846741e-05
486,CGGCA,0.004559448192951428,0.0011631418152831903,0.0,0.0006924672524757275
487,GGCAT,0.00029360610690759066,0.0,7.214321484015084e-05,0.0001459641788626308
488,GCATC,0.0,0.0005938570151680957,0.0014837965877561822,0.0013416769601945866
489,CATCC,0.0005936733775605925,0.0013683241095342432,0.0008676764748962505,0.0
490,ATCCT,0.00031535871460293673,0.0,0.00012310794741184162,0.0006324038394443918
491,TCCTA,0.0005941917099259117,0.0,0.002649316313487327,0.002266731337865515
492,CCTAC,0.003032805892364824,0.003937059575515475,0.0011768844752616152,0.0
493,CTACA,0.0,0.0016172710123437068,0.0039034656371227687,0.0036562179221466626
494,TACAG,0.0014949528585909428,0.0,0.0004452690847218776,0.004308782587898017
495,ACAGG,0.0,0.000451050366196997,0.000761886573613654,0.0004747009471960904
496,CAGGT,0.0030379786156155193,0.0004857380850594173,0.0,0.0008919302119383725
497,AGGTA,0.007236853810202203,0.001061902021763815,0.0,0.0025726143079094653
498,GGTAC,0.006427335967941499,0.002887643695741833,0.0016817772374613726,0.0
499,GTACA,0.0,0.00205108779681158,0.003643179067664499,0.006580079348152756
500,TACAG,0.0011899943597279143,0.0,0.0003977932781451776,0.0035395138068151756
501,ACAGT,0.0,0.00042424297073759097,0.0008772195291347001,0.0007420026460310855
502,CAGTG,0.00221176793654392,0.0009121215897453502,0.0,0.0008444316758495914
503,AGTGG,0.001002274352047496,0.0006135338782348079,0.00041071276146297057,0.0
504,GTGGA,0.0006421077087468618,0.0001095459345631129,0.0,0.00019044139393279626
505,TGGAG,0.00032797556550688854,0.00024387926665896839,0.0,0.00011268904045621298
506,GGAGT,0.0,0.0009656446945084579,0.001023143678069382,0.0006409445520467698
507,GAGTC,0.0005177510219472608,0.0004199348679637392,0.0,0.0001433512601482644
508,AGTCC,0.0003224059364138162,0.0007511551921683153,0.00026163832536199745,0.0
509,GTCCC,0.000223871395728894,0.0,0.00010941083249908352,0.0004325935992656072
510,TCCCT,0.00030489570365321237,0.0,7.917181255083414e-05,0.00048008439525505815
511,CCCTG,0.00019002208673524657,0.0,0.00013284729957596886,0.00034473033434270393
512,CCTGA,0.0005790132344097364,0.0005216183365382174,0.00025490086995880526,0.0
513,CTGAT,0.0008254659518490528,0.00021776095662275622,0.0,0.00030891670590670067
514,TGATC,0.0,0.00116147090803533,0.000562983715248566,0.0005528398645233666
515,GATCG,0.0004684224661458087,0.0011313163532546788,0.0009588286581396157,0.0
516,ATCGC,0.0004370426760108698,0.0,6.918436183955854e-05,0.0007205298172071097
517,TCGCT,0.0009539778013674843,0.00025833381169774355,0.0,0.00022794159855683252
518,CGCTT,0.0003871696129980097,0.0,0.0005156625849973491,0.00140835060099276
519,GCTTC,0.0006821389042623667,0.003908334317473461,0.0002894435549103343,0.0
520,CTTCA,0.00019766182080324367,0.0004814839224694397,0.0010389916221708961,0.0
521,TTCAC,0.00026429955013863344,0.0,8.585526787942869e-05,0.00042927633939714345
522,TCACA,0.0,0.00031624362257067824,0.0012869593410496584,0.0010231411318463118
523,CACAG,0.0004851292128459251,0.0,0.0005561237317989873,0.001069988821364009
524,ACAGG,0.0,0.00020772678978705722,0.0006941114683128498,0.000636691054875777
525,CAGGC,0.0001887466450002086,9.520848464612293e-05,0.0,6.848329597352702e-05
526,AGGCA,0.0013130992836553825,0.00020110529569496852,0.0,0.00041404031466611165
527,GGCAG,0.0003997428018748351,0.0,0.00023444830996034632,0.0004739566553874627
528,GCAGT,0.0,0.0005159133287327744,0.0012297343934056623,0.0012229683169632652
529,CAGTG,0.0006733123281095879,0.0004100623953148619,0.0,0.00015693745993531748
530,AGTGG,0.0008874107602315369,0.0007488056510144208,0.0004546923704805399,0.0
531,GTGGA,0.0010114429279329852,0.00017054379920072036,0.0,0.00028198826204475547
532,TGGAT,0.0011711694281561814,0.0003160298456929379,0.0,0.0004579897763785356
533,GGATC,0.0,0.0009387783162245097,0.001131608456854409,0.0008711186177578784
534,GATCT,0.0004069476506508884,0.00037655322031181795,0.0006872518415556498,0.0
535,ATCTG,0.0005423548453115517,0.0,0.00045111758161428127,0.0007822750572562255
536,TCTGG,0.000501516018219027,0.000558928626365313,0.0004170857121215478,0.0
537,CTGGG,0.00010095565402025389,4.799531092766169e-05,0.0,6.454541814409674e-05
538,TGGGA,0.00032840854034011177,0.00027451585679711906,0.0,0.00023072805141843752
539,GGGAC,0.0006289539011856359,9.274119186383372e-05,0.0,0.000322064866290768
540,GGACA,0.0,0.00028879919763495117,0.0008326199089709411,0.00043066547015738324
541,GACAG,0.00018557238892035683,0.0,4.8482876384597726e-05,0.00014210498250657953
542,ACAGA,0.0,0.00018698451211575406,0.00039923720154444784,0.0002813190407507291
543,CAGAT,0.0009240109209461198,0.00029899439306666035,0.0,0.0004341331017973543
544,AGATT,0.0,0.0007048295299837035,0.0007656781225002823,0.0005865128223125784
545,GATTT,0.002317779654599061,0.003350537572280162,0.0006145756133085896,0.0
546,ATTTC,0.0007699901250348601,0.002766887592158234,0.0005026089387590185,0.0
547,TTTCA,0.00025165086812822465,0.0005252578522676367,0.0007887312444018853,0.0
548,TTCAC,0.0004437719089277831,0.0,7.930524608215136e-05,0.0006901243754808491
549,TCACT,0.0,0.0004311079062034843,0.0009721060630078568,0.0008605251931669549
550,CACTC,0.0007665399464188416,0.0,0.0010372825323504413,0.0019781130184627505
551,ACTCT,0.0006270204233024737,0.0008501112477658876,0.0005053345190497026,0.0
552,CTCTC,0.00020447066029269273,0.0,0.0005491980545051664,0.001123743711525956
553,TCTCA,0.000298841711130912,0.00040689747108785186,0.0007141810384653998,0.0
554,CTCAC,0.0004266489998428687,0.0,0.00014334057306973852,0.0004941033871698045
555,TCACC,0.0,0.00040079672443722985,0.0010941581464594418,0.001117833902333371
556,CACCA,0.001125376096760809,0.0,0.0010170692242905959,0.0019139855119345486
557,ACCAT,0.00068454108532735,0.0,0.0001977563135390122,0.001167945407311602
558,CCATC,0.0,0.0013122174767526919,0.0024805143270228303,0.003195037907912683
559,CATCA,0.00048174292267488356,0.0008637566087258438,0.0007555757418795542,0.0
560,ATCAG,0.0004100105365707126,0.0,0.00013329560653944976,0.00065972888806234
561,TCAGC,0.0,0.00044465616426567965,0.0009890640916175764,0.0008842402049846024
562,CAGCA,0.006264954295716969,0.004578040405872659,0.0,0.0010009699888534004
563,AGCAA,0.0016235253435100414,0.0,0.0007838292325809689,0.00340787957923432
564,GCAAT,0.0,0.0006819093316806386,0.0016768539645049946,0.001328284926474693
565,CAATG,0.0,0.0017082011109453951,0.0028898902838293255,0.0013323630072487867
566,AATGT,0.0006738648474832356,0.0006063094743019589,0.00027191037705463897,0.0
567,ATGTG,0.0007447212960609161,0.00025837269455174634,0.0,0.0005015469953063311
568,TGTGC,0.0010087639558720594,0.000552539051206304,0.00026866577719205606,0.0
569,GTGCA,0.0027773557330713237,0.0005365153975524739,0.0,0.0011254976005438332
570,TGCAG,0.0015993217518005933,0.0,0.0005432616744211539,0.0021341214063709505
571,GCAGT,0.0,0.00043111079012589766,0.0008740559940983886,0.0009653500437721081
572,CAGTC,0.0008973396219025483,0.0008432626578707561,0.0,0.00016392079722136945
573,AGTCT,0.000342762270750457,0.0006804590892238136,0.0004238095071840626,0.0
574,GTCTG,0.00017999812120667364,0.0,0.00017663367034299746,0.0003448562135268046
575,TCTGA,0.0002914651902301984,0.0004060295424594093,0.00019037899708677697,0.0
576,CTGAA,0.0004561321525520144,0.00013633470242329582,0.0,0.00016663130296180602
577,TGAAG,0.0,0.0012804023541372503,0.0011484718605801756,0.0004380768952728505
578,GAAGA,0.0,0.0005129496464301532,0.0043626113493416,0.0008142864024188242
579,AAGAC,0.00040205190952060066,0.00023382935323583052,0.0,6.560679695106036e-05
580,AGACT,0.0,0.0006271011354224625,0.0009685416458142077,0.0004918771709108804
581,GACTT,0.00032245937633574657,0.0,0.00034609514214046095,0.0007276439329879935
582,ACTTG,0.0007497817377997313,0.0031633003791144416,0.0006008408959794685,0.0
583,CTTGG,0.0003156163753597611,0.0005687845908889812,0.0004101325091573366,0.0
584,TTGGC,0.00011473614193614558,6.817654810698506e-05,0.0,8.480497447454238e-05
585,TGGCA,0.003970318718818263,0.001410352022505592,0.0,0.00115977327180832
586,GGCAG,0.00021096916959907573,0.0,0.0002649772770164391,0.0008118093646172433
587,GCAGA,0.0,0.0003161531435976702,0.0009247902114862331,0.0010465176250639458
588,CAGAG,0.0007371686599545423,0.0002513458360028073,0.0,0.0001501327476795292
589,AGAGT,0.0,0.0006641575271144449,0.0005728992409460479,0.0006945769558372439
590,GAGTA,0.012348034852682254,0.009325824099878694,0.0,0.0028443339988549186
591,AGTAT,0.004031915602761899,0.00266028534730741,0.0015460474360863559,0.0
592,GTATT,0.0,0.002762810267871821,0.006143907321625441,0.009064253674667145
593,TATTT,0.0008647644835487988,0.002895522566246565,0.00030292141400241687,0.0
594,ATTTC,0.0012071421580114802,0.0041462708905611705,0.0009328686242136403,0.0
595,TTTCT,0.0002851479739702111,0.00043025286013256706,0.0004842453759139088,0.0
596,TTCTG,0.000461116214146118,0.0,0.0002584277683676046,0.0008867619502809962
597,TCTGT,0.0003596616953938519,0.0008155708867381711,0.0002887424878514022,0.0
598,CTGTC,0.0006770135983361908,0.00032922107649764886,0.0,0.00040013023143560403
599,TGTCA,0.00024490862952573526,0.0007820185894511409,0.0005658233854560091,0.0
600,GTCAG,0.00018280025324728962,0.0,2.515599815329674e-05,0.0002834242458604766
601,TCAGC,0.0,0.0004242049904163007,0.0007757374127533148,0.0007723572933077666
602,CAGCA,0.007230898242570325,0.005743728259675795,0.0,0.0013736843463866323
603,AGCAA,0.002080531459779823,0.0,0.0008311968647289612,0.0026391770104123224
604,GCAAT,0.0,0.0004959061393846486,0.0020902528400683997,0.0019345416973264623
605,CAATA,0.0,0.0010174972392278272,0.0033910931284082168,0.0017014720888917912
606,AATAT,0.0036388997319389757,0.0030157656689545438,0.0010549253294546215,0.0
607,ATATA,0.0,0.0013702878451219754,0.0074645964566780534,0.005255875381228046
608,TATAA,0.0028320651311812754,0.0016234013513465888,0.0008921089803541733,0.0
609,ATAAC,0.0,0.0017224357823354289,0.005123272607241566,0.004310323565431334
610,TAACA,0.0,0.0012207184279432882,0.0031610004229821347,0.0021146703418878873
611,AACAG,0.001949085276739154,0.0,0.0017797468513056913,0.004617858861570524
612,ACAGC,0.0,0.0004990227257988355,0.0013820392100937242,0.0011756637099328499
613,CAGCT,0.01584501725050249,0.007760721054693885,0.0,0.0046435573915992005
614,AGCTA,0.0024001962481801377,0.0,0.004856289797835184,0.008176250733920625
615,GCTAT,0.0044387220478867865,0.0039984062400078985,0.0012007073376389666,0.0
616,CTATC,0.0,0.004219648685929074,0.004497457752365192,0.01009090615097531
617,TATCC,0.0008476166218713223,0.0017409131814482847,0.0007630241446386554,0.0
618,ATCCT,0.0011832616249779567,0.0,0.0008142329636829717,0.003302637239387688
619,TCCTC,0.0015361199815558336,0.0,0.002088242488708206,0.0072978401328821245
620,CCTCT,0.0005899682855645281,0.001015962577720004,0.0005629210289197359,0.0
621,CTCTC,0.0004383177850109585,0.0,0.0008343269035150677,0.0028854510557671208
622,TCTCA,0.00045095425996929,0.0006299847901443639,0.0004948674088801571,0.0
623,CTCAC,0.0005726430788898817,0.0,0.00018074575056406295,0.0008969719023319385
624,TCACG,0.0,0.00043103314230470566,0.0009685568256493973,0.0007014853100253053
625,CACGT,0.0004812258206397645,0.0,0.00014352349036624552,0.0008290592208214889
626,ACGTT,0.0031732212799636733,0.0002826282420020979,0.0,0.0007801893387004017
627,CGTTC,0.0013153779856034976,0.002838981829931873,0.0014982104469229028,0.0
628,GTTCG,0.00028208587772446517,0.0007246397697233266,0.0006199132761968786,0.0
629,TTCGG,0.0002781829998038823,0.0,5.900851510991443e-05,0.0006760689874021625
630,TCGGC,0.00011103987391340259,4.806203497744291e-05,0.0,6.79497735887986e-05
631,CGGCT,0.012384712197584106,0.0011490970080232678,0.0,0.0013314933585031523
632,GGCTC,0.00017051515831756144,0.0,0.0003798605012024884,0.0008458227160108742
633,GCTCG,0.00026189320188947293,0.0005626479756722225,0.0009715392973319156,0.0
634,CTCGG,0.0001492375544230874,0.0,0.00016935947187339133,0.0001660058189650073
635,TCGGG,0.00012072371333918376,6.449623041408447e-05,0.0,2.149874347136149e-05
636,CGGGG,0.00016820221194560397,4.1634210877624744e-05,0.0,8.160305332014451e-05
637,GGGGA,0.0021603539705040637,0.000231768593546638,0.0,0.0008238781391037423
638,GGGAC,0.001217975302490156,0.00020102504992555972,0.0,0.00025508220620806317
639,GGACT,0.0,0.0004004147395975293,0.0007214223367432279,0.000630188598607082
640,GACTA,0.00038044979147749004,0.0,0.001121058718887004,0.0009350610430535643
641,ACTAA,0.0020019551856276336,0.0013148936426311674,0.0006921383524274743,0.0
642,CTAAG,0.0,0.00011611929140664986,0.0005640079868323015,0.00028437377487342935
643,TAAGC,0.0,0.00026975199452495684,0.002050971513927841,0.00025690666145233897
644,AAGCT,0.01276103629390311,0.007787399952618161,0.0,0.001102805605645948
645,AGCTA,0.0006928229356259468,0.0,0.010172131365363839,0.007380512299565404
646,GCTAG,0.002904020464337873,0.004146907356946619,0.000709495378750769,0.0
647,CTAGA,0.0,0.0013291208549433729,0.003709686360740038,0.0017490214562503239
648,TAGAA,0.0025001466066926358,0.002161602719530464,0.0,0.00041133082290203824
649,AGAAA,0.0,0.0008127436490947974,0.0006978443390356577,0.000309214319717979
650,GAAAT,0.0,0.0012412521893455288,0.00609788422078206,0.0010244987374543589
651,AAATA,0.0,0.0005028099435550491,0.004041102138942432,0.0013797646599237878
652,AATAA,0.0017449580179170017,0.001667103440977931,0.00105780675188955,0.0
653,ATAAA,0.0,0.0013734491529273998,0.005630972174455739,0.0026673026089527184
654,TAAAA,0.0,0.000939228546565407,0.002431840398945027,0.0007023060303146738
655,AAAAC,0.0,0.0005696955522119353,0.0020992042630418087,0.0003096171479412698
656,AAACN,0.0,1.303398167325238e-06,9.123787171276665e-06,6.516990836626191e-06
657,AACNN,0.0008652267907375819,0.0,0.0011493735195127516,0.006710076884034885
